{
    "version": 3,
    "name": "getMatAreas",
    "func_name": "sna_getmatareas_E6BFF",
    "inputs": [
        {
            "idname": "SN_StringSocket",
            "name": "ID",
            "subtype": "NONE"
        }
    ],
    "outputs": [
        {
            "idname": "SN_ListSocket",
            "name": "areas",
            "subtype": "NONE"
        },
        {
            "idname": "SN_DataSocket",
            "name": "areas_dict",
            "subtype": "NONE"
        },
        {
            "idname": "SN_FloatSocket",
            "name": "area",
            "subtype": "NONE"
        }
    ],
    "function": "def sna_getmatareas_E6BFF(ID):\n    surfaces_SNIPPET_VARS['sna_areas'] = []\n    surfaces_SNIPPET_VARS['sna_areas_dict'] = eval(\"dict()\")\n    id_0_d7762 = sna_getmatidlist_FA08E(bpy.data.materials)\n    for i_07C2B in range(len(id_0_d7762)):\n        bpy.ops.view3d.materialutilities_select_by_material_name(material_name=id_0_d7762[i_07C2B])\n        for i_D4FB2 in range(len(bpy.context.view_layer.objects.selected)):\n            faceids_0_8d5f9 = sna_getfaceidswithmatids_032C3(bpy.context.view_layer.objects.selected[i_D4FB2].data.polygons, sna_getmatindexincollection_AB8C6(bpy.context.view_layer.objects.selected[i_D4FB2].data.materials, bpy.data.materials[id_0_d7762[i_07C2B]]))\n            arealists_0_88d40, sumarea_1_88d40 = sna_getareafromfaceindices_436DA(faceids_0_8d5f9, bpy.context.view_layer.objects.selected[i_D4FB2].data.polygons)\n            surfaces_SNIPPET_VARS['sna_areas'].append(eval(\"(id_0_d7762[i_07C2B], sumarea_1_88d40)\"))\n    return_D2A72 = {name: areas for name, areas in surfaces_SNIPPET_VARS['sna_areas'] }\n    return [surfaces_SNIPPET_VARS['sna_areas'], return_D2A72, eval(\"return_D2A72.get(ID)\")]",
    "import": "",
    "imperative": "\ndef sna_getmatidlist_FA08E(Collection):\n    zone_material_SNIPPET_VARS['sna_materiallist'] = []\n    for i_3149C in range(len(Collection)):\n        if property_exists(\"Collection[i_3149C].sna_materialpointer\", globals(), locals()):\n            if (property_exists(\"Collection[i_3149C].sna_materialpointer.genericproduct\", globals(), locals()) and property_exists(\"Collection[i_3149C].sna_materialpointer.genericproduct.id\", globals(), locals()) and eval(\"Collection[i_3149C].sna_materialpointer.genericproduct.id != ''\") and eval(\"Collection[i_3149C].users > 1\")):\n                zone_material_SNIPPET_VARS['sna_materiallist'].append(Collection[i_3149C].sna_materialpointer.genericproduct.id)\n                \n            \n    return zone_material_SNIPPET_VARS['sna_materiallist']\ndef property_exists(prop_path, glob, loc):\n    try:\n        eval(prop_path, glob, loc)\n        return True\n    except:\n        return False\ndef property_exists(prop_path, glob, loc):\n    try:\n        eval(prop_path, glob, loc)\n        return True\n    except:\n        return False\ndef property_exists(prop_path, glob, loc):\n    try:\n        eval(prop_path, glob, loc)\n        return True\n    except:\n        return False\ndef sna_getfaceidswithmatids_032C3(Polygons, matIndices):\n    return_ED29D = [ i for i, face in enumerate(Polygons) if face.material_index in matIndices]\n    return return_ED29D\n\ndef sna_getmatindexincollection_AB8C6(Collection, Material):\n    return_83FF0 = [i for i,mat in enumerate(Collection) if Material == mat]\n    return return_83FF0\n\ndef sna_getareafromfaceindices_436DA(FaceIndices, Polygons):\n    return_9CF19 = [Polygons[i].area for i in FaceIndices]\n    return_A7ED0 = sum(return_9CF19)\n    return [return_9CF19, return_A7ED0]\n",
    "register": "",
    "unregister": "",
    "variables": [
        {
            "name": "materialList",
            "python_name": "sna_materiallist",
            "tree": "zone_material",
            "type": "List",
            "customizable": true
        },
        {
            "name": "areas",
            "python_name": "sna_areas",
            "tree": "surfaces",
            "type": "List",
            "customizable": true
        },
        {
            "name": "areas_dict",
            "python_name": "sna_areas_dict",
            "tree": "surfaces",
            "type": "Data",
            "customizable": true
        }
    ],
    "properties": [],
    "variable_defs": {
        "zone_material_SNIPPET_VARS": {
            "sna_materiallist": "[]"
        },
        "surfaces_SNIPPET_VARS": {
            "sna_areas": "[]",
            "sna_areas_dict": "None"
        }
    },
    "properties_defs": {}
}